{
  "_fv": 28,
  "_type": "achievement",
  "definition": {
    "achievementName": "My time to shine!",
    "achievementDescription": "Get a full set of ",
    "achievementIcon": {
      "value": "CUSTOM:IlluminiteBlock"
    },
    "background": "Default",
    "disableDisplay": true,
    "showPopup": true,
    "announceToChat": true,
    "hideIfNotCompleted": true,
    "rewardLoot": [],
    "rewardRecipes": [],
    "rewardFunction": "No function",
    "rewardXP": 122,
    "achievementType": "goal",
    "parent": {
      "value": "story/shiny_gear"
    },
    "triggerxml": "<xml xmlns=\"https://developers.google.com/blockly/xml\"><block type=\"item_in_inventory\" x=\"43\" y=\"36\"><value name=\"amount_l\"><block type=\"math_number\"><field name=\"NUM\">1</field></block></value><value name=\"amount_h\"><block type=\"math_number\"><field name=\"NUM\">1</field></block></value><value name=\"item\"><block type=\"mcitem_all\"><field name=\"value\">CUSTOM:IlluminiteBlock</field></block></value><next><block type=\"advancement_trigger\" deletable=\"false\"></block></next></block></xml>"
  }
}